Bulk_Order_ID,Style_ID,Production_Date,Daily_Commitment,Plant_Daily_Output,Output_Gap,Gap_Pct,Daily_Damage_Qty,Max_Daily_Damage_Qty,Damage_Ratio,Working_Day_No,Total_Working_Days,Days_Remaining,Day_Progress_Pct,Output_vs_Commit_Ratio,Remaining_Qty,Full_Order_Qty,Required_Daily_Rate,Commitment_Gap_Rate,Cumulative_Completed_Qty,Is_Cutting_Phase,Is_Sewing_Phase,History_Days_Available,Previous_Day_Output,Output_Change_From_Previous,Trailing_3D_Avg_Output,Trailing_3D_Output_Std,Trailing_3D_Avg_Gap_Pct,Trailing_3D_Emergency_Days,Trailing_3D_Worker_Shortage_Days,Trailing_3D_Machine_Breakdown_Days,Trailing_3D_Quality_Limit_Days,Days_Since_Last_Emergency,Emergency_Within_1_Day,Emergency_Within_3_Days,First_Emergency_Type_Within_3_Days,First_Emergency_Lead_Days,Worker_Shortage_Within_3_Days,Machine_Breakdown_Within_3_Days,Quality_Limit_Within_3_Days,Output_Schedule_Risk_Within_3_Days
BULK0001,AH2495,2024-07-01,430.0,438.0,-8.0,-1.86,4.0,13.0,0.2857,1.0,108.0,107.0,0.93,1.0162,45992.0,46430.0,425.9,-4.1,438.0,1.0,0.0,1,438.0,0.0,438.0,0.0,-1.86,0,0,0,0,1,1,1,Working Hours Issue,1,1,0,0,1
BULK0001,AH2495,2024-07-08,430.0,461.0,-31.0,-7.21,7.0,13.0,0.5,6.0,108.0,102.0,5.56,1.0696,43961.0,46430.0,426.8,-3.2,2469.0,1.0,0.0,3,403.0,58.0,404.0,46.1375,6.0467,2,1,0,0,1,1,1,Worker Issue,1,1,0,1,0
BULK0001,AH2495,2024-07-11,430.0,460.0,-30.0,-6.98,7.0,13.0,0.5,9.0,108.0,99.0,8.33,1.0673,42737.0,46430.0,427.4,-2.6,3693.0,1.0,0.0,3,363.0,97.0,408.0,39.9082,5.1133,2,1,0,1,1,1,1,Worker Issue,1,1,0,1,0
BULK0001,AH2495,2024-07-15,430.0,443.0,-13.0,-3.02,5.0,13.0,0.3571,11.0,108.0,97.0,10.19,1.0278,41908.0,46430.0,427.6,-2.4,4522.0,1.0,0.0,3,386.0,57.0,429.6667,31.6474,0.0767,1,1,0,1,1,1,1,Working Hours Issue,1,1,0,1,0
BULK0001,AH2495,2024-07-22,430.0,457.0,-27.0,-6.28,8.0,13.0,0.5714,16.0,108.0,92.0,14.81,1.0603,39908.0,46430.0,429.1,-0.9,6522.0,1.0,0.0,3,386.0,71.0,406.6667,35.7802,5.4267,2,2,0,0,1,1,1,Worker Issue,1,1,0,1,0
BULK0001,AH2495,2024-07-25,430.0,458.0,-28.0,-6.51,0.0,13.0,0.0,19.0,108.0,89.0,17.59,1.0626,38624.0,46430.0,429.2,-0.8,7806.0,1.0,0.0,3,420.0,38.0,428.0,21.9697,0.4667,2,2,0,1,1,1,1,Worker Issue,1,1,0,1,0
BULK0001,AH2495,2024-07-29,430.0,444.0,-14.0,-3.26,13.0,13.0,0.9286,21.0,108.0,87.0,19.44,1.0302,37787.0,46430.0,429.4,-0.6,8643.0,1.0,0.0,3,393.0,51.0,431.6667,27.9325,-0.39,1,1,0,0,1,1,1,Working Hours Issue,1,1,1,1,0
BULK0001,AH2495,2024-08-05,430.0,431.0,-1.0,-0.23,5.0,13.0,0.3571,26.0,108.0,82.0,24.07,1.0,35887.0,46430.0,432.4,2.4,10543.0,0.0,1.0,3,390.0,41.0,362.0,70.6022,15.8133,2,1,1,1,1,1,1,Worker Issue,1,1,0,0,0
BULK0001,AH2495,2024-08-08,430.0,464.0,-34.0,-7.91,4.0,13.0,0.2857,29.0,108.0,79.0,26.85,1.0766,34581.0,46430.0,432.3,2.3,11849.0,0.0,1.0,3,417.0,47.0,435.3333,20.5318,-1.2433,2,2,0,0,1,1,1,Working Hours Issue,1,1,0,1,0
BULK0001,AH2495,2024-08-12,430.0,454.0,-24.0,-5.58,10.0,13.0,0.7143,31.0,108.0,77.0,28.7,1.0534,33717.0,46430.0,432.3,2.3,12713.0,0.0,1.0,3,410.0,44.0,442.6667,23.4568,-2.9467,1,1,0,0,1,1,1,Working Hours Issue,1,1,1,1,0
BULK0001,AH2495,2024-08-19,430.0,463.0,-33.0,-7.67,4.0,13.0,0.2857,36.0,108.0,72.0,33.33,1.0742,31722.0,46430.0,434.5,4.5,14708.0,0.0,1.0,3,409.0,54.0,399.3333,56.3462,7.1333,2,1,1,1,1,1,1,Worker Issue,1,1,0,1,0
BULK0001,AH2495,2024-08-22,430.0,461.0,-31.0,-7.21,12.0,13.0,0.8571,39.0,108.0,69.0,36.11,1.0696,30479.0,46430.0,435.4,5.4,15951.0,0.0,1.0,3,364.0,97.0,414.3333,39.6849,3.6433,2,1,0,2,1,1,1,Worker Issue,1,1,0,1,0
BULK0001,AH2495,2024-08-26,430.0,444.0,-14.0,-3.26,1.0,13.0,0.0714,41.0,108.0,67.0,37.96,1.0302,29660.0,46430.0,436.2,6.2,16770.0,0.0,1.0,3,375.0,69.0,426.6667,37.1872,0.7733,1,1,0,1,1,1,1,Working Hours Issue,1,1,1,1,0
BULK0001,AH2495,2024-09-02,430.0,459.0,-29.0,-6.74,2.0,13.0,0.1429,46.0,108.0,62.0,42.59,1.065,27706.0,46430.0,439.8,9.8,18724.0,0.0,1.0,3,396.0,63.0,383.0,67.9853,10.9333,2,1,1,1,1,1,1,Worker Issue,1,1,0,1,0
BULK0001,AH2495,2024-09-05,430.0,456.0,-26.0,-6.05,8.0,13.0,0.5714,49.0,108.0,59.0,45.37,1.058,26416.0,46430.0,440.3,10.3,20014.0,0.0,1.0,3,418.0,38.0,430.0,18.4029,0.0,2,2,0,1,1,1,1,Worker Issue,1,1,0,1,0
BULK0001,AH2495,2024-09-16,430.0,462.0,-32.0,-7.44,2.0,13.0,0.1429,56.0,108.0,52.0,51.85,1.0719,23586.0,46430.0,445.0,15.0,22844.0,0.0,0.0,3,389.0,73.0,405.3333,41.2499,5.7367,2,1,0,2,1,1,1,Worker Issue,1,1,0,0,0
BULK0001,AH2495,2024-09-19,430.0,462.0,-32.0,-7.44,13.0,13.0,0.9286,59.0,108.0,49.0,54.63,1.0719,22362.0,46430.0,447.2,17.2,24068.0,0.0,0.0,3,366.0,96.0,408.0,40.0999,5.1167,2,2,0,0,1,1,1,Working Hours Issue,1,1,0,1,0
BULK0001,AH2495,2024-09-23,430.0,449.0,-19.0,-4.42,4.0,13.0,0.2857,61.0,108.0,47.0,56.48,1.0418,21515.0,46430.0,448.2,18.2,24915.0,0.0,0.0,3,398.0,51.0,436.3333,27.6204,-1.4733,1,1,0,1,1,1,1,Working Hours Issue,1,1,1,1,0
BULK0001,AH2495,2024-09-30,430.0,455.0,-25.0,-5.81,8.0,13.0,0.5714,66.0,108.0,42.0,61.11,1.0557,19637.0,46430.0,456.7,26.7,26793.0,0.0,0.0,3,378.0,77.0,368.3333,75.0215,14.34,2,1,1,1,1,1,1,Worker Issue,1,1,0,1,0
BULK0001,AH2495,2024-10-03,430.0,460.0,-30.0,-6.98,2.0,13.0,0.1429,69.0,108.0,39.0,63.89,1.0673,18354.0,46430.0,458.9,28.9,28076.0,0.0,0.0,3,416.0,44.0,427.6667,23.1565,0.5433,2,2,0,1,1,1,1,Working Hours Issue,1,1,0,1,0
BULK0001,AH2495,2024-10-07,430.0,455.0,-25.0,-5.81,6.0,13.0,0.4286,71.0,108.0,37.0,65.74,1.0557,17504.0,46430.0,460.6,30.6,28926.0,0.0,0.0,3,395.0,60.0,436.6667,29.5334,-1.55,1,1,0,0,1,1,1,Working Hours Issue,1,1,0,1,0
BULK0001,AH2495,2024-10-14,430.0,453.0,-23.0,-5.35,7.0,13.0,0.5,76.0,108.0,32.0,70.37,1.051,15532.0,46430.0,470.7,40.7,30898.0,0.0,0.0,3,375.0,78.0,387.3333,49.3581,9.9233,2,1,0,1,1,1,1,Worker Issue,1,1,0,1,0
BULK0001,AH2495,2024-10-17,430.0,462.0,-32.0,-7.44,8.0,13.0,0.5714,79.0,108.0,29.0,73.15,1.0719,14283.0,46430.0,476.1,46.1,32147.0,0.0,0.0,3,364.0,98.0,416.3333,40.2851,3.18,2,1,0,2,1,1,1,Working Hours Issue,1,1,0,1,0
BULK0001,AH2495,2024-10-21,430.0,440.0,-10.0,-2.33,5.0,13.0,0.3571,81.0,108.0,27.0,75.0,1.0209,13439.0,46430.0,480.0,50.0,32991.0,0.0,0.0,3,404.0,36.0,435.3333,23.9072,-1.24,1,1,0,0,1,1,1,Working Hours Issue,1,1,0,1,1
BULK0001,AH2495,2024-10-28,430.0,431.0,-1.0,-0.23,12.0,13.0,0.8571,86.0,108.0,22.0,79.63,1.0,11517.0,46430.0,500.7,70.7,34913.0,0.0,0.0,3,379.0,52.0,381.0,40.0333,11.3967,2,1,0,1,1,1,1,Worker Issue,1,1,0,1,0
BULK0001,AH2495,2024-10-31,430.0,449.0,-19.0,-4.42,3.0,13.0,0.2143,89.0,108.0,19.0,82.41,1.0418,10243.0,46430.0,512.1,82.1,36187.0,0.0,0.0,3,415.0,34.0,424.6667,17.3269,1.24,2,2,0,1,1,1,1,Worker Issue,1,1,0,1,0
BULK0001,AH2495,2024-11-04,430.0,455.0,-25.0,-5.81,13.0,13.0,0.9286,91.0,108.0,17.0,84.26,1.0557,9417.0,46430.0,523.2,93.2,37013.0,0.0,0.0,3,371.0,84.0,425.0,38.2623,1.1633,1,1,0,0,1,1,1,Working Hours Issue,1,1,0,1,1
BULK0001,AH2495,2024-11-11,430.0,444.0,-14.0,-3.26,1.0,13.0,0.0714,96.0,108.0,12.0,88.89,1.0302,7432.0,46430.0,571.7,141.7,38998.0,0.0,0.0,3,378.0,66.0,393.6667,36.4265,8.4467,2,1,0,0,1,1,1,Worker Issue,1,1,0,0,0
BULK0001,AH2495,2024-11-14,429.0,463.0,-34.0,-7.93,4.0,13.0,0.2857,99.0,108.0,9.0,91.67,1.0767,6149.0,46430.0,614.9,185.9,40281.0,0.0,0.0,3,395.0,68.0,427.6667,27.8248,0.4567,2,2,0,0,1,1,1,Worker Issue,1,1,0,1,0
BULK0001,AH2495,2024-11-18,722.0,736.0,-14.0,-1.94,11.0,22.0,0.4783,101.0,108.0,7.0,93.52,1.018,5039.0,46430.0,629.9,-92.1,41391.0,0.0,0.0,3,374.0,362.0,524.3333,154.018,0.9833,1,1,0,1,1,1,1,Working Hours Issue,1,1,1,1,0
BULK0002,TG7776,2024-06-03,327.0,328.0,-1.0,-0.31,8.0,10.0,0.7273,1.0,46.0,45.0,2.17,1.0,14696.0,15024.0,319.5,-7.5,328.0,1.0,0.0,1,328.0,0.0,328.0,0.0,-0.31,0,0,0,0,1,1,1,Working Hours Issue,1,1,1,1,0
BULK0002,TG7776,2024-06-10,327.0,350.0,-23.0,-7.03,9.0,10.0,0.8182,6.0,46.0,40.0,13.04,1.0671,13181.0,15024.0,321.5,-5.5,1843.0,1.0,0.0,3,302.0,48.0,294.3333,48.8831,9.9933,2,1,1,2,1,1,1,Worker Issue,1,1,0,1,0
BULK0002,TG7776,2024-06-13,327.0,335.0,-8.0,-2.45,6.0,10.0,0.5455,9.0,46.0,37.0,19.57,1.0213,12247.0,15024.0,322.3,-4.7,2777.0,1.0,0.0,3,298.0,37.0,311.3333,16.7796,4.79,2,2,0,1,1,1,1,Worker Issue,1,1,0,1,0
BULK0002,TG7776,2024-06-17,327.0,333.0,-6.0,-1.83,7.0,10.0,0.6364,11.0,46.0,35.0,23.91,1.0152,11626.0,15024.0,322.9,-4.1,3398.0,0.0,1.0,3,288.0,45.0,318.6667,21.7,2.55,1,1,0,0,1,1,1,Working Hours Issue,1,1,1,1,0
BULK0002,TG7776,2024-06-24,327.0,332.0,-5.0,-1.53,7.0,10.0,0.6364,16.0,46.0,30.0,34.78,1.0122,10187.0,15024.0,328.6,1.6,4837.0,0.0,1.0,3,286.0,46.0,273.6667,53.3812,16.31,2,1,1,2,1,1,1,Worker Issue,1,1,0,1,0
BULK0002,TG7776,2024-06-27,327.0,339.0,-12.0,-3.67,2.0,10.0,0.1818,19.0,46.0,27.0,41.3,1.0335,9262.0,15024.0,330.8,3.8,5762.0,0.0,1.0,3,277.0,62.0,308.3333,25.3158,5.7067,2,1,0,1,1,1,1,Worker Issue,1,1,0,1,0
BULK0002,TG7776,2024-07-01,327.0,350.0,-23.0,-7.03,7.0,10.0,0.6364,21.0,46.0,25.0,45.65,1.0671,8630.0,15024.0,331.9,4.9,6394.0,0.0,1.0,3,282.0,68.0,323.6667,29.8031,1.02,1,1,0,1,1,1,1,Working Hours Issue,1,1,1,1,0
BULK0002,TG7776,2024-07-08,327.0,343.0,-16.0,-4.89,10.0,10.0,0.9091,26.0,46.0,20.0,56.52,1.0457,7186.0,15024.0,342.2,15.2,7838.0,0.0,0.0,3,293.0,50.0,281.3333,55.7275,13.9667,2,1,1,1,1,1,1,Worker Issue,1,1,0,0,0
BULK0002,TG7776,2024-07-11,326.0,326.0,0.0,0.0,3.0,10.0,0.2727,29.0,46.0,17.0,63.04,0.9969,6231.0,15024.0,346.2,20.2,8793.0,0.0,0.0,3,315.0,11.0,318.3333,5.4365,2.55,2,2,0,0,1,1,1,Working Hours Issue,1,1,0,0,0
BULK0002,TG7776,2024-07-15,326.0,340.0,-14.0,-4.29,0.0,10.0,0.0,31.0,46.0,15.0,67.39,1.0398,5596.0,15024.0,349.8,23.8,9428.0,0.0,0.0,3,295.0,45.0,320.3333,18.8031,1.74,1,1,0,0,1,1,1,Working Hours Issue,1,1,1,0,0
BULK0002,TG7776,2024-07-22,326.0,331.0,-5.0,-1.53,3.0,10.0,0.2727,36.0,46.0,10.0,78.26,1.0122,4150.0,15024.0,377.3,51.3,10874.0,0.0,0.0,3,290.0,41.0,281.0,44.9518,13.8033,2,1,1,0,1,1,1,Worker Issue,1,1,0,1,0
BULK0002,TG7776,2024-07-25,443.0,458.0,-15.0,-3.39,0.0,13.0,0.0,39.0,46.0,7.0,84.78,1.0315,3083.0,15024.0,385.4,-57.6,11941.0,0.0,0.0,3,305.0,153.0,355.6667,72.3617,3.2667,2,2,0,1,1,1,1,Working Hours Issue,1,1,0,1,0
BULK0002,TG7776,2024-07-29,446.0,447.0,-1.0,-0.22,2.0,13.0,0.1429,41.0,46.0,5.0,89.13,1.0,2229.0,15024.0,371.5,-74.5,12795.0,0.0,0.0,3,407.0,40.0,437.3333,21.914,1.3667,1,1,0,1,1,1,1,Working Hours Issue,1,1,0,0,1
BULK0003,KM622054,2024-05-21,267.0,274.0,-7.0,-2.62,5.0,8.0,0.5556,1.0,78.0,77.0,1.28,1.0224,20511.0,20785.0,263.0,-4.0,274.0,1.0,0.0,1,274.0,0.0,274.0,0.0,-2.62,0,0,0,0,1,1,1,Working Hours Issue,1,1,1,1,0
BULK0003,KM622054,2024-05-28,267.0,287.0,-20.0,-7.49,0.0,8.0,0.0,6.0,78.0,72.0,7.69,1.0709,19321.0,20785.0,264.7,-2.3,1464.0,1.0,0.0,3,232.0,55.0,232.6667,44.0933,12.86,2,1,1,1,1,1,1,Worker Issue,1,1,0,1,0
BULK0003,KM622054,2024-05-31,267.0,267.0,0.0,0.0,5.0,8.0,0.5556,9.0,78.0,69.0,11.54,0.9963,18575.0,20785.0,265.4,-1.6,2210.0,1.0,0.0,3,219.0,48.0,248.6667,21.1713,6.8667,2,1,0,1,1,1,1,Working Hours Issue,1,1,0,1,0
BULK0003,KM622054,2024-06-04,267.0,275.0,-8.0,-3.0,8.0,8.0,0.8889,11.0,78.0,67.0,14.1,1.0261,18068.0,20785.0,265.7,-1.3,2717.0,0.0,1.0,3,232.0,43.0,258.0,18.6726,3.37,1,1,0,1,1,1,1,Working Hours Issue,1,1,1,0,0
BULK0003,KM622054,2024-06-11,267.0,284.0,-17.0,-6.37,3.0,8.0,0.3333,16.0,78.0,62.0,20.51,1.0597,16880.0,20785.0,267.9,0.9,3905.0,0.0,1.0,3,232.0,52.0,229.3333,45.7627,14.1067,2,1,1,0,1,1,1,Worker Issue,1,1,0,1,0
BULK0003,KM622054,2024-06-14,267.0,287.0,-20.0,-7.49,2.0,8.0,0.2222,19.0,78.0,59.0,24.36,1.0709,16114.0,20785.0,268.6,1.6,4671.0,0.0,1.0,3,232.0,55.0,255.3333,23.214,4.37,2,2,0,2,1,1,1,Working Hours Issue,1,1,0,1,0
BULK0003,KM622054,2024-06-18,267.0,274.0,-7.0,-2.62,5.0,8.0,0.5556,21.0,78.0,57.0,26.92,1.0224,15597.0,20785.0,268.9,1.9,5188.0,0.0,1.0,3,243.0,31.0,268.0,18.4572,-0.3733,1,1,0,0,1,1,1,Working Hours Issue,1,1,1,1,1
BULK0003,KM622054,2024-06-25,267.0,288.0,-21.0,-7.87,8.0,8.0,0.8889,26.0,78.0,52.0,33.33,1.0746,14387.0,20785.0,271.5,4.5,6398.0,0.0,0.0,3,247.0,41.0,242.6667,38.9044,9.1133,2,1,1,2,1,1,1,Worker Issue,1,1,0,1,0
BULK0003,KM622054,2024-06-28,267.0,285.0,-18.0,-6.74,4.0,8.0,0.4444,29.0,78.0,49.0,37.18,1.0634,13595.0,20785.0,271.9,4.9,7190.0,0.0,0.0,3,247.0,38.0,264.0,15.7692,1.1233,2,2,0,1,1,1,1,Working Hours Issue,1,1,0,1,0
BULK0003,KM622054,2024-07-02,267.0,276.0,-9.0,-3.37,8.0,8.0,0.8889,31.0,78.0,47.0,39.74,1.0299,13073.0,20785.0,272.4,5.4,7712.0,0.0,0.0,3,246.0,30.0,269.0,16.6733,-0.7467,1,1,0,1,1,1,1,Working Hours Issue,1,1,1,1,0
BULK0003,KM622054,2024-07-09,267.0,280.0,-13.0,-4.87,2.0,8.0,0.2222,36.0,78.0,42.0,46.15,1.0448,11869.0,20785.0,276.0,9.0,8916.0,0.0,0.0,3,235.0,45.0,234.0,37.9737,12.36,2,1,1,2,1,1,1,Worker Issue,1,1,0,1,0
BULK0003,KM622054,2024-07-12,266.0,280.0,-14.0,-5.26,5.0,8.0,0.5556,39.0,78.0,39.0,50.0,1.0487,11119.0,20785.0,278.0,12.0,9666.0,0.0,0.0,3,220.0,60.0,250.0,24.4949,6.1333,2,1,0,2,1,1,1,Working Hours Issue,1,1,0,1,0
BULK0003,KM622054,2024-07-16,266.0,277.0,-11.0,-4.14,4.0,8.0,0.4444,41.0,78.0,37.0,52.56,1.0375,10600.0,20785.0,278.9,12.9,10185.0,0.0,0.0,3,242.0,35.0,266.3333,17.2498,-0.1267,1,1,0,1,1,1,1,Working Hours Issue,1,1,0,1,1
BULK0003,KM622054,2024-07-23,266.0,272.0,-6.0,-2.26,7.0,8.0,0.7778,46.0,78.0,32.0,58.97,1.0187,9377.0,20785.0,284.2,18.2,11408.0,0.0,0.0,3,231.0,41.0,237.0,26.4701,10.9,2,1,0,1,1,1,1,Worker Issue,1,1,0,1,0
BULK0003,KM622054,2024-07-26,266.0,286.0,-20.0,-7.52,2.0,8.0,0.2222,49.0,78.0,29.0,62.82,1.0712,8609.0,20785.0,287.0,21.0,12176.0,0.0,0.0,3,229.0,57.0,256.0,23.3666,3.76,2,2,0,2,1,1,1,Working Hours Issue,1,1,0,1,0
BULK0003,KM622054,2024-08-06,266.0,283.0,-17.0,-6.39,3.0,8.0,0.3333,56.0,78.0,22.0,71.79,1.0599,6918.0,20785.0,300.8,34.8,13867.0,0.0,0.0,3,235.0,48.0,232.6667,42.0819,12.53,2,1,1,1,1,1,1,Worker Issue,1,1,0,1,0
BULK0003,KM622054,2024-08-09,266.0,273.0,-7.0,-2.63,1.0,8.0,0.1111,59.0,78.0,19.0,75.64,1.0225,6178.0,20785.0,308.9,42.9,14607.0,0.0,0.0,3,219.0,54.0,246.6667,22.0656,7.27,2,1,0,1,1,1,1,Working Hours Issue,1,1,0,1,0
BULK0003,KM622054,2024-08-13,266.0,287.0,-21.0,-7.89,5.0,8.0,0.5556,61.0,78.0,17.0,78.21,1.0749,5655.0,20785.0,314.2,48.2,15130.0,0.0,0.0,3,236.0,51.0,265.3333,21.5149,0.2533,1,1,0,1,1,1,1,Working Hours Issue,1,1,1,1,0
BULK0003,KM622054,2024-08-20,266.0,276.0,-10.0,-3.76,7.0,8.0,0.7778,66.0,78.0,12.0,84.62,1.0337,4460.0,20785.0,343.1,77.1,16325.0,0.0,0.0,3,241.0,35.0,231.6667,40.549,12.9067,2,1,1,1,1,1,1,Worker Issue,1,1,0,0,0
BULK0003,KM622054,2024-08-23,266.0,286.0,-20.0,-7.52,8.0,8.0,0.8889,69.0,78.0,9.0,88.46,1.0712,3673.0,20785.0,367.3,101.3,17112.0,0.0,0.0,3,243.0,43.0,262.3333,17.8201,1.38,2,2,0,0,1,1,1,Working Hours Issue,1,1,0,1,0
BULK0003,KM622054,2024-08-27,430.0,448.0,-18.0,-4.19,12.0,13.0,0.8571,71.0,78.0,7.0,91.03,1.0394,2987.0,20785.0,373.4,-56.6,17798.0,0.0,0.0,3,238.0,210.0,324.0,89.8443,-0.3933,1,1,0,1,1,1,1,Working Hours Issue,1,1,1,1,0
BULK0004,TG9322,2024-06-10,221.0,228.0,-7.0,-3.17,1.0,7.0,0.125,1.0,35.0,34.0,2.86,1.027,7491.0,7719.0,214.0,-7.0,228.0,1.0,0.0,1,228.0,0.0,228.0,0.0,-3.17,0,0,0,0,1,1,1,Working Hours Issue,1,1,1,1,0
BULK0004,TG9322,2024-06-17,221.0,225.0,-4.0,-1.81,7.0,7.0,0.875,6.0,35.0,29.0,17.14,1.0135,6506.0,7719.0,216.9,-4.1,1213.0,1.0,0.0,3,194.0,31.0,188.3333,32.4996,14.7833,2,1,1,0,1,1,1,Worker Issue,1,1,0,1,0
BULK0004,TG9322,2024-06-20,221.0,221.0,0.0,0.0,0.0,7.0,0.0,9.0,35.0,26.0,25.71,0.9955,5861.0,7719.0,217.1,-3.9,1858.0,1.0,0.0,3,209.0,12.0,215.0,4.899,2.7133,2,2,0,1,1,1,1,Working Hours Issue,1,1,0,1,0
BULK0004,TG9322,2024-06-24,221.0,238.0,-17.0,-7.69,3.0,7.0,0.375,11.0,35.0,24.0,31.43,1.0721,5428.0,7719.0,217.1,-3.9,2291.0,0.0,1.0,3,195.0,43.0,218.0,17.6824,1.3567,1,1,0,1,1,1,1,Working Hours Issue,1,1,0,1,0
BULK0004,TG9322,2024-07-01,221.0,237.0,-16.0,-7.24,3.0,7.0,0.375,16.0,35.0,19.0,45.71,1.0676,4427.0,7719.0,221.3,0.3,3292.0,0.0,1.0,3,198.0,39.0,201.0,28.2489,9.05,2,1,0,1,1,1,1,Worker Issue,1,1,0,1,0
BULK0004,TG9322,2024-07-04,221.0,229.0,-8.0,-3.62,0.0,7.0,0.0,19.0,35.0,16.0,54.29,1.0315,3790.0,7719.0,222.9,1.9,3929.0,0.0,1.0,3,200.0,29.0,212.3333,12.2293,3.92,2,2,0,1,1,1,1,Working Hours Issue,1,1,0,1,0
BULK0004,TG9322,2024-07-08,220.0,223.0,-3.0,-1.36,7.0,7.0,0.875,21.0,35.0,14.0,60.0,1.009,3369.0,7719.0,224.6,4.6,4350.0,0.0,1.0,3,198.0,25.0,216.6667,13.4247,1.6733,1,1,0,1,1,1,1,Working Hours Issue,1,1,0,1,1
BULK0004,TG9322,2024-07-15,220.0,228.0,-8.0,-3.64,7.0,7.0,0.875,26.0,35.0,9.0,74.29,1.0317,2367.0,7719.0,236.7,16.7,5352.0,0.0,0.0,3,190.0,38.0,195.6667,24.4177,11.06,2,1,0,0,1,1,1,Worker Issue,1,1,0,1,0
BULK0004,TG9322,2024-07-18,275.0,281.0,-6.0,-2.18,5.0,8.0,0.5556,29.0,35.0,6.0,82.86,1.0181,1639.0,7719.0,234.1,-40.9,6080.0,0.0,0.0,3,244.0,37.0,242.6667,31.8573,5.17,2,2,0,1,1,1,1,Working Hours Issue,1,1,0,0,0
BULK0004,TG9322,2024-07-22,278.0,287.0,-9.0,-3.24,5.0,8.0,0.5556,31.0,35.0,4.0,88.57,1.0287,1103.0,7719.0,220.6,-57.4,6616.0,0.0,0.0,3,249.0,38.0,272.3333,16.68,1.2333,1,1,0,0,1,1,1,Working Hours Issue,1,1,1,0,1
BULK0005,TG5179,2024-05-09,391.0,407.0,-16.0,-4.09,10.0,12.0,0.7692,1.0,45.0,44.0,2.22,1.0383,17160.0,17567.0,381.3,-9.7,407.0,1.0,0.0,1,407.0,0.0,407.0,0.0,-4.09,0,0,0,0,1,1,1,Working Hours Issue,1,1,1,1,0
BULK0005,TG5179,2024-05-16,391.0,392.0,-1.0,-0.26,6.0,12.0,0.4615,6.0,45.0,39.0,13.33,1.0,15468.0,17567.0,386.7,-4.3,2099.0,1.0,0.0,3,338.0,54.0,323.3333,62.9144,17.3033,2,1,1,2,1,1,1,Worker Issue,1,1,0,0,0
BULK0005,TG5179,2024-05-21,391.0,406.0,-15.0,-3.84,5.0,12.0,0.3846,9.0,45.0,36.0,20.0,1.0357,14350.0,17567.0,387.8,-3.2,3217.0,1.0,0.0,3,352.0,54.0,372.6667,23.7954,4.6867,2,2,0,0,1,1,1,Working Hours Issue,1,1,0,1,0
BULK0005,TG5179,2024-05-23,391.0,401.0,-10.0,-2.56,9.0,12.0,0.6923,11.0,45.0,34.0,24.44,1.023,13581.0,17567.0,388.0,-3.0,3986.0,0.0,1.0,3,368.0,33.0,391.6667,16.8589,-0.1733,1,1,0,0,1,1,1,Working Hours Issue,1,1,1,1,0
BULK0005,TG5179,2024-05-30,391.0,415.0,-24.0,-6.14,2.0,12.0,0.1538,16.0,45.0,29.0,35.56,1.0587,11788.0,17567.0,392.9,1.9,5779.0,0.0,1.0,3,356.0,59.0,350.6667,54.8351,10.3133,2,1,1,2,1,1,1,Worker Issue,1,1,0,1,0
BULK0005,TG5179,2024-06-04,390.0,405.0,-15.0,-3.85,0.0,12.0,0.0,19.0,45.0,26.0,42.22,1.0358,10640.0,17567.0,394.1,4.1,6927.0,0.0,1.0,3,374.0,31.0,382.6667,15.9234,1.96,2,2,0,1,1,1,1,Working Hours Issue,1,1,0,1,0
BULK0005,TG5179,2024-06-06,390.0,403.0,-13.0,-3.33,11.0,12.0,0.8462,21.0,45.0,24.0,46.67,1.0307,9867.0,17567.0,394.7,4.7,7700.0,0.0,1.0,3,370.0,33.0,392.6667,16.0485,-0.6833,1,1,0,0,1,1,1,Working Hours Issue,1,1,0,1,0
BULK0005,TG5179,2024-06-13,390.0,400.0,-10.0,-2.56,7.0,12.0,0.5385,26.0,45.0,19.0,57.78,1.023,8069.0,17567.0,403.4,13.4,9498.0,0.0,0.0,3,346.0,54.0,354.3333,34.3932,9.1467,2,1,0,1,1,1,1,Worker Issue,1,1,0,0,1
BULK0005,TG5179,2024-06-18,390.0,394.0,-4.0,-1.03,1.0,12.0,0.0769,29.0,45.0,16.0,64.44,1.0077,6985.0,17567.0,410.9,20.9,10582.0,0.0,0.0,3,329.0,65.0,361.3333,26.5372,7.35,2,1,0,0,1,1,1,Working Hours Issue,1,1,0,1,0
BULK0005,TG5179,2024-06-20,390.0,418.0,-28.0,-7.18,5.0,12.0,0.3846,31.0,45.0,14.0,68.89,1.0691,6205.0,17567.0,413.7,23.7,11362.0,0.0,0.0,3,362.0,56.0,391.3333,22.9395,-0.3433,1,1,0,1,1,1,1,Working Hours Issue,1,1,0,1,0
BULK0005,TG5179,2024-06-27,390.0,403.0,-13.0,-3.33,4.0,12.0,0.3077,36.0,45.0,9.0,80.0,1.0307,4339.0,17567.0,433.9,43.9,13228.0,0.0,0.0,3,370.0,33.0,371.0,25.7294,4.8733,2,2,0,1,1,1,1,Worker Issue,1,1,0,1,0
BULK0005,TG5179,2024-07-02,503.0,513.0,-10.0,-1.99,10.0,15.0,0.625,39.0,45.0,6.0,86.67,1.0179,3004.0,17567.0,429.1,-73.9,14563.0,0.0,0.0,3,461.0,52.0,445.0,63.0767,4.2933,2,2,0,1,1,1,1,Working Hours Issue,1,1,0,1,0
BULK0005,TG5179,2024-07-04,507.0,525.0,-18.0,-3.55,4.0,15.0,0.25,41.0,45.0,4.0,91.11,1.0335,2008.0,17567.0,401.6,-105.4,15559.0,0.0,0.0,3,471.0,54.0,503.0,23.1517,0.15,1,1,0,1,1,1,1,Working Hours Issue,1,1,1,1,0
BULK0006,KM175648,2024-04-22,379.0,404.0,-25.0,-6.6,3.0,11.0,0.25,1.0,53.0,52.0,1.89,1.0632,19668.0,20072.0,371.1,-7.9,404.0,1.0,0.0,1,404.0,0.0,404.0,0.0,-6.6,0,0,0,0,1,1,1,Working Hours Issue,1,1,0,1,1
BULK0006,KM175648,2024-04-29,379.0,403.0,-24.0,-6.33,10.0,11.0,0.8333,6.0,53.0,47.0,11.32,1.0605,17945.0,20072.0,373.9,-5.1,2127.0,1.0,0.0,3,328.0,75.0,350.0,37.6563,7.6533,2,1,0,0,1,1,1,Worker Issue,1,1,0,1,0
BULK0006,KM175648,2024-05-02,379.0,379.0,0.0,0.0,4.0,11.0,0.3333,9.0,53.0,44.0,16.98,0.9974,16833.0,20072.0,374.1,-4.9,3239.0,1.0,0.0,3,367.0,12.0,370.6667,5.9067,2.2,2,2,0,1,1,1,1,Working Hours Issue,1,1,0,0,0
BULK0006,KM175648,2024-05-06,379.0,400.0,-21.0,-5.54,1.0,11.0,0.0833,11.0,53.0,42.0,20.75,1.0526,16083.0,20072.0,374.0,-5.0,3989.0,0.0,1.0,3,350.0,50.0,376.3333,20.4993,0.7033,1,1,0,0,1,1,1,Working Hours Issue,1,1,1,1,0
BULK0006,KM175648,2024-05-13,379.0,389.0,-10.0,-2.64,3.0,11.0,0.25,16.0,53.0,37.0,30.19,1.0237,14431.0,20072.0,379.8,0.8,5641.0,0.0,1.0,3,336.0,53.0,319.0,65.2125,15.8333,2,1,1,1,1,1,1,Worker Issue,1,1,0,0,0
BULK0006,KM175648,2024-05-16,379.0,387.0,-8.0,-2.11,3.0,11.0,0.25,19.0,53.0,34.0,35.85,1.0184,13326.0,20072.0,380.7,1.7,6746.0,0.0,1.0,3,368.0,19.0,368.3333,15.107,2.8133,2,2,0,0,1,1,1,Worker Issue,1,1,0,1,0
BULK0006,KM175648,2024-05-20,379.0,404.0,-25.0,-6.6,10.0,11.0,0.8333,21.0,53.0,32.0,39.62,1.0632,12594.0,20072.0,381.6,2.6,7478.0,0.0,1.0,3,328.0,76.0,373.0,32.5679,1.5833,1,1,0,0,1,1,1,Working Hours Issue,1,1,1,1,0
BULK0006,KM175648,2024-05-27,379.0,385.0,-6.0,-1.58,10.0,11.0,0.8333,26.0,53.0,27.0,49.06,1.0132,10888.0,20072.0,388.9,9.9,9184.0,0.0,0.0,3,353.0,32.0,338.3333,45.2941,10.73,2,1,1,1,1,1,1,Worker Issue,1,1,0,1,0
BULK0006,KM175648,2024-05-30,379.0,401.0,-22.0,-5.8,9.0,11.0,0.75,29.0,53.0,24.0,54.72,1.0553,9797.0,20072.0,391.9,12.9,10275.0,0.0,0.0,3,334.0,67.0,363.6667,27.8847,4.0467,2,2,0,1,1,1,1,Worker Issue,1,1,0,0,0
BULK0006,KM175648,2024-06-03,379.0,400.0,-21.0,-5.54,7.0,11.0,0.5833,31.0,53.0,22.0,58.49,1.0526,9054.0,20072.0,393.7,14.7,11018.0,0.0,0.0,3,343.0,57.0,381.3333,27.1088,-0.6133,1,1,0,0,1,1,1,Working Hours Issue,1,1,1,1,0
BULK0006,KM175648,2024-06-10,379.0,406.0,-27.0,-7.12,7.0,11.0,0.5833,36.0,53.0,17.0,67.92,1.0684,7373.0,20072.0,409.6,30.6,12699.0,0.0,0.0,3,354.0,52.0,334.0,68.43,11.8767,2,1,1,2,1,1,1,Worker Issue,1,1,0,1,0
BULK0006,KM175648,2024-06-13,378.0,380.0,-2.0,-0.53,11.0,11.0,0.9167,39.0,53.0,14.0,73.58,1.0026,6284.0,20072.0,418.9,40.9,13788.0,0.0,0.0,3,348.0,32.0,363.0,13.1403,4.1333,2,2,0,1,1,1,1,Worker Issue,1,1,0,1,0
BULK0006,KM175648,2024-06-17,378.0,403.0,-25.0,-6.61,7.0,11.0,0.5833,41.0,53.0,12.0,77.36,1.0633,5546.0,20072.0,426.6,48.6,14526.0,0.0,0.0,3,335.0,68.0,372.6667,28.241,1.4133,1,1,0,1,1,1,1,Working Hours Issue,1,1,0,0,1
BULK0006,KM175648,2024-06-24,531.0,537.0,-6.0,-1.13,8.0,16.0,0.4706,46.0,53.0,7.0,86.79,1.0094,3706.0,20072.0,463.2,-67.8,16366.0,0.0,0.0,3,330.0,207.0,387.6667,106.503,11.0867,2,1,0,0,1,1,1,Worker Issue,1,1,0,1,1
BULK0006,KM175648,2024-06-27,551.0,569.0,-18.0,-3.27,8.0,17.0,0.4444,49.0,53.0,4.0,92.45,1.0308,2182.0,20072.0,436.4,-114.6,17890.0,0.0,0.0,3,442.0,127.0,508.0,51.9679,5.67,2,1,0,1,1,1,1,Working Hours Issue,1,1,0,1,0
BULK0007,BYGR2808,2024-04-25,130.0,135.0,-5.0,-3.85,4.0,4.0,0.8,1.0,21.0,20.0,4.76,1.0305,2579.0,2714.0,122.8,-7.2,135.0,1.0,0.0,1,135.0,0.0,135.0,0.0,-3.85,0,0,0,0,1,1,1,Working Hours Issue,1,1,1,0,0
BULK0007,BYGR2808,2024-05-02,129.0,130.0,-1.0,-0.78,0.0,4.0,0.0,6.0,21.0,15.0,28.57,1.0,2041.0,2714.0,127.6,-1.4,673.0,1.0,0.0,3,110.0,20.0,100.0,29.4392,22.8167,2,1,1,1,1,1,1,Worker Issue,1,1,0,0,0
BULK0007,BYGR2808,2024-05-07,129.0,134.0,-5.0,-3.88,2.0,4.0,0.4,9.0,21.0,12.0,42.86,1.0308,1669.0,2714.0,128.4,-0.6,1045.0,1.0,0.0,3,118.0,16.0,124.0,7.1181,3.8767,2,2,0,0,1,1,1,Working Hours Issue,1,1,0,1,0
BULK0007,BYGR2808,2024-05-09,129.0,129.0,0.0,0.0,4.0,4.0,0.8,11.0,21.0,10.0,52.38,0.9923,1435.0,2714.0,130.5,1.5,1279.0,0.0,1.0,3,105.0,24.0,122.6667,12.6579,4.9067,1,1,0,0,1,1,1,Working Hours Issue,1,1,1,1,0
BULK0007,BYGR2808,2024-05-16,161.0,167.0,-6.0,-3.73,4.0,5.0,0.6667,16.0,21.0,5.0,76.19,1.0309,795.0,2714.0,132.5,-28.5,1919.0,0.0,1.0,3,138.0,29.0,134.6667,27.8608,14.31,2,1,1,0,1,1,1,Worker Issue,1,1,0,0,0
BULK0008,BYGR8912,2024-04-22,214.0,221.0,-7.0,-3.27,3.0,6.0,0.4286,1.0,30.0,29.0,3.33,1.0279,6182.0,6403.0,206.1,-7.9,221.0,1.0,0.0,1,221.0,0.0,221.0,0.0,-3.27,0,0,0,0,1,1,1,Working Hours Issue,1,1,1,1,0
BULK0008,BYGR8912,2024-04-29,214.0,215.0,-1.0,-0.47,0.0,6.0,0.0,6.0,30.0,24.0,20.0,1.0,5224.0,6403.0,209.0,-5.0,1179.0,1.0,0.0,3,191.0,24.0,187.3333,24.2258,12.46,2,1,1,1,1,1,1,Worker Issue,1,1,0,0,0
BULK0008,BYGR8912,2024-05-02,214.0,221.0,-7.0,-3.27,5.0,6.0,0.7143,9.0,30.0,21.0,30.0,1.0279,4595.0,6403.0,208.9,-5.1,1808.0,1.0,0.0,3,200.0,21.0,209.6667,8.6538,2.0233,2,2,0,0,1,1,1,Working Hours Issue,1,1,0,1,0
BULK0008,BYGR8912,2024-05-06,214.0,220.0,-6.0,-2.8,5.0,6.0,0.7143,11.0,30.0,19.0,36.67,1.0233,4189.0,6403.0,209.4,-4.6,2214.0,0.0,1.0,3,186.0,34.0,209.0,16.2686,2.3367,1,1,0,1,1,1,1,Working Hours Issue,1,1,0,0,1
BULK0008,BYGR8912,2024-05-13,213.0,228.0,-15.0,-7.04,3.0,6.0,0.4286,16.0,30.0,14.0,53.33,1.0654,3226.0,6403.0,215.1,2.1,3177.0,0.0,1.0,3,186.0,42.0,192.0,27.2764,9.86,2,1,0,0,1,1,1,Worker Issue,1,1,0,1,0
BULK0008,BYGR8912,2024-05-16,213.0,228.0,-15.0,-7.04,5.0,6.0,0.7143,19.0,30.0,11.0,63.33,1.0654,2606.0,6403.0,217.2,4.2,3797.0,0.0,1.0,3,191.0,37.0,206.6667,15.6276,2.9733,2,2,0,1,1,1,1,Working Hours Issue,1,1,0,1,0
BULK0008,BYGR8912,2024-05-20,213.0,219.0,-6.0,-2.82,2.0,6.0,0.2857,21.0,30.0,9.0,70.0,1.0234,2203.0,6403.0,220.3,7.3,4200.0,0.0,1.0,3,184.0,35.0,210.3333,18.9795,1.2533,1,1,0,1,1,1,1,Working Hours Issue,1,1,1,1,0
BULK0008,BYGR8912,2024-05-27,271.0,271.0,0.0,0.0,5.0,8.0,0.5556,26.0,30.0,4.0,86.67,0.9963,1083.0,6403.0,216.6,-54.4,5320.0,0.0,0.0,3,239.0,32.0,227.3333,41.2499,14.0567,2,1,1,1,1,1,1,Worker Issue,1,1,0,1,1
BULK0009,AH1060,2024-05-15,350.0,364.0,-14.0,-4.0,0.0,10.0,0.0,1.0,117.0,116.0,0.85,1.037,40571.0,40935.0,346.8,-3.2,364.0,1.0,0.0,1,364.0,0.0,364.0,0.0,-4.0,0,0,0,0,1,1,1,Working Hours Issue,1,1,0,1,0
BULK0009,AH1060,2024-05-22,350.0,355.0,-5.0,-1.43,7.0,10.0,0.6364,6.0,117.0,111.0,5.13,1.0114,38981.0,40935.0,348.0,-2.0,1954.0,1.0,0.0,3,326.0,29.0,315.6667,37.0615,9.81,2,1,0,2,1,1,1,Worker Issue,1,1,0,1,0
BULK0009,AH1060,2024-05-27,350.0,360.0,-10.0,-2.86,6.0,10.0,0.5455,9.0,117.0,108.0,7.69,1.0256,37957.0,40935.0,348.2,-1.8,2978.0,1.0,0.0,3,340.0,20.0,341.3333,14.7271,2.4767,2,2,0,1,1,1,1,Worker Issue,1,1,0,1,0
BULK0009,AH1060,2024-05-29,350.0,364.0,-14.0,-4.0,0.0,10.0,0.0,11.0,117.0,106.0,9.4,1.037,37279.0,40935.0,348.4,-1.6,3656.0,1.0,0.0,3,314.0,50.0,346.0,22.6863,1.1433,1,1,0,1,1,1,1,Working Hours Issue,1,1,1,1,0
BULK0009,AH1060,2024-06-05,350.0,369.0,-19.0,-5.43,4.0,10.0,0.3636,16.0,117.0,101.0,13.68,1.0513,35678.0,40935.0,349.8,-0.2,5257.0,1.0,0.0,3,313.0,56.0,313.3333,45.3162,10.4767,2,1,1,1,1,1,1,Worker Issue,1,1,0,1,0
BULK0009,AH1060,2024-06-10,350.0,373.0,-23.0,-6.57,0.0,10.0,0.0,19.0,117.0,98.0,16.24,1.0627,34644.0,40935.0,349.9,-0.1,6291.0,1.0,0.0,3,338.0,35.0,344.6667,20.9497,1.5233,2,2,0,1,1,1,1,Working Hours Issue,1,1,0,1,0
BULK0009,AH1060,2024-06-12,350.0,355.0,-5.0,-1.43,7.0,10.0,0.6364,21.0,117.0,96.0,17.95,1.0114,33971.0,40935.0,350.2,0.2,6964.0,1.0,0.0,3,318.0,37.0,348.6667,22.8959,0.38,1,1,0,1,1,1,1,Working Hours Issue,1,1,1,0,0
BULK0009,AH1060,2024-06-19,350.0,355.0,-5.0,-1.43,8.0,10.0,0.7273,26.0,117.0,91.0,22.22,1.0114,32410.0,40935.0,352.3,2.3,8525.0,0.0,1.0,3,325.0,30.0,308.6667,45.9734,11.8067,2,1,1,1,1,1,1,Worker Issue,1,1,0,1,0
BULK0009,AH1060,2024-06-24,350.0,353.0,-3.0,-0.86,2.0,10.0,0.1818,29.0,117.0,88.0,24.79,1.0057,31382.0,40935.0,352.6,2.6,9553.0,0.0,1.0,3,337.0,16.0,342.6667,7.3182,2.0933,2,2,0,2,1,1,1,Working Hours Issue,1,1,0,1,0
BULK0009,AH1060,2024-06-26,350.0,366.0,-16.0,-4.57,0.0,10.0,0.0,31.0,117.0,86.0,26.5,1.0427,30690.0,40935.0,352.8,2.8,10245.0,0.0,1.0,3,326.0,40.0,348.3333,16.66,0.4767,1,1,0,1,1,1,1,Working Hours Issue,1,1,1,0,0
BULK0009,AH1060,2024-07-03,350.0,375.0,-25.0,-7.14,0.0,10.0,0.0,36.0,117.0,81.0,30.77,1.0684,29122.0,40935.0,355.1,5.1,11813.0,0.0,1.0,3,318.0,57.0,301.6667,67.5393,13.81,2,1,1,0,1,1,1,Worker Issue,1,1,0,1,0
BULK0009,AH1060,2024-07-08,350.0,359.0,-9.0,-2.57,9.0,10.0,0.8182,39.0,117.0,78.0,33.33,1.0228,28107.0,40935.0,355.8,5.8,12828.0,0.0,1.0,3,334.0,25.0,338.3333,15.4128,3.3333,2,2,0,1,1,1,1,Working Hours Issue,1,1,0,1,0
BULK0009,AH1060,2024-07-10,350.0,371.0,-21.0,-6.0,4.0,10.0,0.3636,41.0,117.0,76.0,35.04,1.057,27412.0,40935.0,356.0,6.0,13523.0,0.0,1.0,3,324.0,47.0,351.3333,19.9388,-0.38,1,1,0,1,1,1,1,Working Hours Issue,1,1,1,1,0
BULK0009,AH1060,2024-07-17,350.0,352.0,-2.0,-0.57,1.0,10.0,0.0909,46.0,117.0,71.0,39.32,1.0028,25879.0,40935.0,359.4,9.4,15056.0,0.0,1.0,3,302.0,50.0,300.3333,42.8823,14.19,2,1,1,1,1,1,1,Worker Issue,1,1,0,1,0
BULK0009,AH1060,2024-07-22,350.0,362.0,-12.0,-3.43,8.0,10.0,0.7273,49.0,117.0,68.0,41.88,1.0313,24853.0,40935.0,360.2,10.2,16082.0,0.0,1.0,3,327.0,35.0,342.0,14.7196,2.2833,2,2,0,1,1,1,1,Working Hours Issue,1,1,0,1,0
BULK0009,AH1060,2024-07-31,350.0,350.0,0.0,0.0,2.0,10.0,0.1818,56.0,117.0,61.0,47.86,0.9972,22637.0,40935.0,365.1,15.1,18298.0,0.0,0.0,3,302.0,48.0,287.3333,58.0881,17.9033,2,1,1,1,1,1,1,Worker Issue,1,1,0,0,0
BULK0009,AH1060,2024-08-05,350.0,378.0,-28.0,-8.0,0.0,10.0,0.0,59.0,117.0,58.0,50.43,1.0769,21590.0,40935.0,365.9,15.9,19345.0,0.0,0.0,3,337.0,41.0,349.0,20.6074,0.2833,2,2,0,0,1,1,1,Working Hours Issue,1,1,0,1,0
BULK0009,AH1060,2024-08-07,350.0,377.0,-27.0,-7.71,7.0,10.0,0.6364,61.0,117.0,56.0,52.14,1.0741,20895.0,40935.0,366.6,16.6,20040.0,0.0,0.0,3,318.0,59.0,357.6667,28.0515,-2.19,1,1,0,0,1,1,1,Working Hours Issue,1,1,0,1,0
BULK0009,AH1060,2024-08-14,350.0,363.0,-13.0,-3.71,8.0,10.0,0.7273,66.0,117.0,51.0,56.41,1.0342,19250.0,40935.0,370.2,20.2,21685.0,0.0,0.0,3,323.0,40.0,327.6667,27.1457,6.38,2,1,0,2,1,1,1,Worker Issue,1,1,0,1,0
BULK0009,AH1060,2024-08-19,350.0,369.0,-19.0,-5.43,8.0,10.0,0.7273,69.0,117.0,48.0,58.97,1.0513,18226.0,40935.0,372.0,22.0,22709.0,0.0,0.0,3,333.0,36.0,341.3333,20.0721,2.4767,2,2,0,1,1,1,1,Working Hours Issue,1,1,0,1,0
BULK0009,AH1060,2024-08-21,350.0,353.0,-3.0,-0.86,10.0,10.0,0.9091,71.0,117.0,46.0,60.68,1.0057,17543.0,40935.0,373.3,23.3,23392.0,0.0,0.0,3,330.0,23.0,350.6667,16.0069,-0.1933,1,1,0,0,1,1,1,Working Hours Issue,1,1,0,1,1
BULK0009,AH1060,2024-08-28,350.0,350.0,0.0,0.0,7.0,10.0,0.6364,76.0,117.0,41.0,64.96,0.9972,15943.0,40935.0,379.6,29.6,24992.0,0.0,0.0,3,320.0,30.0,315.0,30.8221,10.0,2,1,0,0,1,1,1,Worker Issue,1,1,0,0,0
BULK0009,AH1060,2024-09-02,350.0,367.0,-17.0,-4.86,10.0,10.0,0.9091,79.0,117.0,38.0,67.52,1.0456,14901.0,40935.0,382.1,32.1,26034.0,0.0,0.0,3,332.0,35.0,347.3333,14.6135,0.76,2,2,0,0,1,1,1,Worker Issue,1,1,0,1,0
BULK0009,AH1060,2024-09-04,350.0,350.0,0.0,0.0,5.0,10.0,0.4545,81.0,117.0,36.0,69.23,0.9972,14250.0,40935.0,385.1,35.1,26685.0,0.0,0.0,3,301.0,49.0,339.3333,27.9802,3.0467,1,1,0,0,1,1,1,Working Hours Issue,1,1,1,1,0
BULK0009,AH1060,2024-09-11,350.0,367.0,-17.0,-4.86,9.0,10.0,0.8182,86.0,117.0,31.0,73.5,1.0456,12677.0,40935.0,396.2,46.2,28258.0,0.0,0.0,3,315.0,52.0,303.0,57.7812,13.4267,2,1,1,1,1,1,1,Worker Issue,1,1,0,0,0
BULK0009,AH1060,2024-09-16,350.0,352.0,-2.0,-0.57,10.0,10.0,0.9091,89.0,117.0,28.0,76.07,1.0028,11672.0,40935.0,402.5,52.5,29263.0,0.0,0.0,3,314.0,38.0,335.0,15.7692,4.2867,2,2,0,0,1,1,1,Working Hours Issue,1,1,0,1,0
BULK0009,AH1060,2024-09-18,350.0,356.0,-6.0,-1.71,9.0,10.0,0.8182,91.0,117.0,26.0,77.78,1.0142,10998.0,40935.0,407.3,57.3,29937.0,0.0,0.0,3,318.0,38.0,342.0,17.0489,2.2867,1,1,0,1,1,1,1,Working Hours Issue,1,1,0,0,1
BULK0009,AH1060,2024-09-25,350.0,368.0,-18.0,-5.14,1.0,10.0,0.0909,96.0,117.0,21.0,82.05,1.0484,9416.0,40935.0,428.0,78.0,31519.0,0.0,0.0,3,308.0,60.0,321.6667,33.6683,8.0967,2,1,0,0,1,1,1,Worker Issue,1,1,0,1,0
BULK0009,AH1060,2024-09-30,350.0,369.0,-19.0,-5.43,8.0,10.0,0.7273,99.0,117.0,18.0,84.62,1.0513,8377.0,40935.0,440.9,90.9,32558.0,0.0,0.0,3,329.0,40.0,346.3333,16.7597,1.0467,2,2,0,1,1,1,1,Worker Issue,1,1,0,1,0
BULK0009,AH1060,2024-10-02,350.0,351.0,-1.0,-0.29,0.0,10.0,0.0,101.0,117.0,16.0,86.32,1.0,7719.0,40935.0,454.1,104.1,33216.0,0.0,0.0,3,307.0,44.0,342.3333,26.0427,2.19,1,1,0,1,1,1,1,Working Hours Issue,1,1,1,0,0
BULK0009,AH1060,2024-10-09,349.0,368.0,-19.0,-5.44,9.0,10.0,0.8182,106.0,117.0,11.0,90.6,1.0514,6149.0,40935.0,512.4,163.4,34786.0,0.0,0.0,3,308.0,60.0,301.3333,57.3488,13.66,2,1,1,1,1,1,1,Worker Issue,1,1,0,1,0
BULK0009,AH1060,2024-10-14,349.0,357.0,-8.0,-2.29,2.0,10.0,0.1818,109.0,117.0,8.0,93.16,1.02,5160.0,40935.0,573.3,224.3,35775.0,0.0,0.0,3,292.0,65.0,329.6667,27.5237,5.54,2,1,0,2,1,1,1,Working Hours Issue,1,1,0,1,0
BULK0009,AH1060,2024-10-16,649.0,656.0,-7.0,-1.08,7.0,19.0,0.35,111.0,117.0,6.0,94.87,1.0092,3883.0,40935.0,554.7,-94.3,37052.0,0.0,0.0,3,621.0,35.0,544.6667,133.4674,0.1167,1,1,0,1,1,1,1,Worker Issue,1,1,1,0,0
BULK0010,TG3942,2024-04-09,196.0,197.0,-1.0,-0.51,2.0,6.0,0.2857,1.0,30.0,29.0,3.33,1.0,5681.0,5878.0,189.4,-6.6,197.0,1.0,0.0,1,197.0,0.0,197.0,0.0,-0.51,0,0,0,0,1,1,1,Working Hours Issue,1,1,1,1,0
BULK0010,TG3942,2024-04-26,196.0,202.0,-6.0,-3.06,1.0,6.0,0.1429,6.0,30.0,24.0,20.0,1.0254,4819.0,5878.0,192.8,-3.2,1059.0,1.0,0.0,3,176.0,26.0,168.6667,30.6522,13.9433,2,1,1,1,1,1,1,Worker Issue,1,1,0,1,0
BULK0010,TG3942,2024-05-01,196.0,204.0,-8.0,-4.08,6.0,6.0,0.8571,9.0,30.0,21.0,30.0,1.0355,4260.0,5878.0,193.6,-2.4,1618.0,1.0,0.0,3,171.0,33.0,186.3333,13.5728,4.9333,2,2,0,1,1,1,1,Working Hours Issue,1,1,0,1,0
BULK0010,TG3942,2024-05-03,196.0,197.0,-1.0,-0.51,5.0,6.0,0.7143,11.0,30.0,19.0,36.67,1.0,3889.0,5878.0,194.4,-1.6,1989.0,0.0,1.0,3,174.0,23.0,191.6667,12.8149,2.21,1,1,0,1,1,1,1,Working Hours Issue,1,1,1,1,0
BULK0010,TG3942,2024-05-10,196.0,203.0,-7.0,-3.57,6.0,6.0,0.8571,16.0,30.0,14.0,53.33,1.0305,3021.0,5878.0,201.4,5.4,2857.0,0.0,1.0,3,175.0,28.0,171.3333,27.4752,12.5833,2,1,1,1,1,1,1,Worker Issue,1,1,0,1,0
BULK0010,TG3942,2024-05-15,196.0,209.0,-13.0,-6.63,0.0,6.0,0.0,19.0,30.0,11.0,63.33,1.0609,2441.0,5878.0,203.4,7.4,3437.0,0.0,1.0,3,185.0,24.0,193.3333,11.0855,1.36,2,2,0,1,1,1,1,Working Hours Issue,1,1,0,1,0
BULK0010,TG3942,2024-05-17,196.0,207.0,-11.0,-5.61,6.0,6.0,0.8571,21.0,30.0,9.0,70.0,1.0508,2060.0,5878.0,206.0,10.0,3818.0,0.0,1.0,3,174.0,33.0,196.6667,16.0485,-0.34,1,1,0,1,1,1,1,Working Hours Issue,1,1,1,1,1
BULK0010,TG3942,2024-05-24,257.0,271.0,-14.0,-5.45,2.0,8.0,0.2222,26.0,30.0,4.0,86.67,1.0504,1010.0,5878.0,202.0,-55.0,4868.0,0.0,0.0,3,223.0,48.0,222.0,40.4228,11.3467,2,1,1,2,1,1,1,Worker Issue,1,1,0,0,0
BULK0015,KM327296,2024-07-19,750.0,750.0,0.0,0.0,22.0,23.0,0.9167,1.0,35.0,34.0,2.86,0.9987,25749.0,26499.0,735.7,-14.3,750.0,1.0,0.0,1,750.0,0.0,750.0,0.0,0.0,0,0,0,0,1,1,1,Worker Issue,1,1,1,1,0
BULK0015,KM327296,2024-07-23,751.0,771.0,-20.0,-2.66,12.0,23.0,0.5,3.0,35.0,32.0,8.57,1.0253,24255.0,26499.0,735.0,-16.0,2244.0,1.0,0.0,3,723.0,48.0,748.0,19.6469,0.6533,1,1,0,0,1,1,1,Machine Breakdown Issue,1,0,1,1,1
BULK0015,KM327296,2024-07-25,757.0,762.0,-5.0,-0.66,14.0,23.0,0.5833,5.0,35.0,30.0,14.29,1.0053,22927.0,26499.0,739.6,-17.4,3572.0,1.0,0.0,3,566.0,196.0,699.6667,94.588,7.5967,1,0,1,1,1,1,1,Minor Delay,1,0,0,0,1
BULK0015,KM327296,2024-07-29,773.0,778.0,-5.0,-0.65,23.0,24.0,0.92,7.0,35.0,28.0,20.0,1.0052,21401.0,26499.0,738.0,-35.0,5098.0,1.0,0.0,3,748.0,30.0,762.6667,12.2565,0.64,1,0,0,0,1,0,1,Worker Issue,2,1,0,0,0
BULK0015,KM327296,2024-07-30,773.0,788.0,-15.0,-1.94,15.0,24.0,0.6,8.0,35.0,27.0,22.86,1.0181,20613.0,26499.0,736.2,-36.8,5886.0,1.0,0.0,3,778.0,10.0,771.3333,16.9967,0.2133,1,0,0,0,2,1,1,Worker Issue,1,1,1,1,0
BULK0015,KM327296,2024-08-01,761.0,776.0,-15.0,-1.97,16.0,23.0,0.6667,10.0,35.0,25.0,28.57,1.0184,19118.0,26499.0,735.3,-25.7,7381.0,1.0,0.0,3,719.0,57.0,761.0,30.0998,0.8633,1,1,0,0,1,1,1,Machine Breakdown Issue,1,0,1,1,1
BULK0015,KM327296,2024-08-05,763.0,763.0,0.0,0.0,17.0,23.0,0.7083,12.0,35.0,23.0,34.29,0.9987,17740.0,26499.0,739.2,-23.8,8759.0,1.0,0.0,3,615.0,148.0,718.0,73.0251,5.88,1,0,1,1,1,1,1,Minor Delay,1,0,0,0,1
BULK0015,KM327296,2024-08-07,774.0,784.0,-10.0,-1.29,24.0,24.0,0.96,14.0,35.0,21.0,40.0,1.0116,16207.0,26499.0,736.7,-37.3,10292.0,1.0,0.0,3,749.0,35.0,765.3333,14.3836,0.2233,1,0,0,0,1,0,1,Worker Issue,2,1,0,0,0
BULK0015,KM327296,2024-08-08,764.0,779.0,-15.0,-1.96,19.0,23.0,0.7917,15.0,35.0,20.0,42.86,1.0183,15428.0,26499.0,734.7,-29.3,11071.0,0.0,1.0,3,784.0,-5.0,770.6667,15.456,-0.43,1,0,0,0,2,1,1,Worker Issue,1,1,1,1,0
BULK0015,KM327296,2024-08-12,774.0,794.0,-20.0,-2.58,17.0,24.0,0.68,17.0,35.0,18.0,48.57,1.0245,13935.0,26499.0,733.4,-40.6,12564.0,0.0,1.0,3,699.0,95.0,757.3333,41.7,1.3233,1,1,0,0,1,1,1,Machine Breakdown Issue,1,0,1,1,1
BULK0015,KM327296,2024-08-14,774.0,784.0,-10.0,-1.29,13.0,24.0,0.52,19.0,35.0,16.0,54.29,1.0116,12527.0,26499.0,736.9,-37.1,13972.0,0.0,1.0,3,624.0,160.0,734.0,77.8888,5.17,1,0,1,1,1,1,1,Minor Delay,1,0,0,0,1
BULK0015,KM327296,2024-08-16,774.0,789.0,-15.0,-1.94,22.0,24.0,0.88,21.0,35.0,14.0,60.0,1.0181,10974.0,26499.0,731.6,-42.4,15525.0,0.0,1.0,3,764.0,25.0,779.0,10.8012,-0.6467,1,0,0,0,1,0,1,Worker Issue,2,1,0,0,0
BULK0015,KM327296,2024-08-19,774.0,779.0,-5.0,-0.65,17.0,24.0,0.68,22.0,35.0,13.0,62.86,1.0052,10195.0,26499.0,728.2,-45.8,16304.0,0.0,1.0,3,789.0,-10.0,777.3333,10.274,-0.4333,1,0,0,0,2,1,1,Worker Issue,1,1,1,1,0
BULK0015,KM327296,2024-08-21,774.0,794.0,-20.0,-2.58,22.0,24.0,0.88,24.0,35.0,11.0,68.57,1.0245,8662.0,26499.0,721.8,-52.2,17837.0,0.0,1.0,3,739.0,55.0,770.6667,23.214,0.43,1,1,0,0,1,1,1,Machine Breakdown Issue,1,0,1,1,1
BULK0015,KM327296,2024-08-23,774.0,784.0,-10.0,-1.29,22.0,24.0,0.88,26.0,35.0,9.0,74.29,1.0116,7254.0,26499.0,725.4,-48.6,19245.0,0.0,1.0,3,624.0,160.0,734.0,77.8888,5.17,1,0,1,1,1,1,1,Minor Delay,1,0,0,0,1
BULK0015,KM327296,2024-08-27,774.0,774.0,0.0,0.0,15.0,24.0,0.6,28.0,35.0,7.0,80.0,0.9987,5716.0,26499.0,714.5,-59.5,20783.0,0.0,1.0,3,764.0,10.0,774.0,8.165,0.0,1,0,0,0,1,0,1,Worker Issue,2,1,0,0,0
BULK0015,KM327296,2024-08-28,774.0,784.0,-10.0,-1.29,18.0,24.0,0.72,29.0,35.0,6.0,82.86,1.0116,4932.0,26499.0,704.6,-69.4,21567.0,0.0,1.0,3,774.0,10.0,774.0,8.165,0.0,1,0,0,0,2,1,1,Worker Issue,1,1,1,1,0
BULK0015,KM327296,2024-08-30,774.0,779.0,-5.0,-0.65,22.0,24.0,0.88,31.0,35.0,4.0,88.57,1.0052,3399.0,26499.0,679.8,-94.2,23100.0,0.0,1.0,3,754.0,25.0,772.3333,13.1233,0.2133,1,1,0,0,1,1,1,Machine Breakdown Issue,1,0,1,1,0
